<xml version="1.0" encoding="UTF-8">

    <tablon>
        <anuncio vendido="Si">
            <fecha></fecha>
            <asunto></asunto>
            <texto></texto>
            <precio moneda="euro"></precio>
            <contacto></contacto>
        </anuncio>

        <anuncio vendido="No">
            <fecha></fecha>
            <asunto></asunto>
            <texto></texto>
            <precio moneda="dolar"></precio>
            <contacto></contacto>
        </anuncio>
    </tablon>
</xml>